Артикул;Наименование;URL;Наличие;Цена
;Колготки Fiore Clementine 40den black 2;http://duhi-shop.ru/product/kolgotki-fiore-clementine-40den-black/;1; 161
;Колготки Fiore Clementine 40den black 3;http://duhi-shop.ru/product/kolgotki-fiore-clementine-40den-black/;1; 161
;Колготки Gulia Fly 20 №13 2, nero;http://duhi-shop.ru/product/kolgotki-gulia-fly-20-13/;; 118
;Колготки Gulia Fly 20 №15 3, nero;http://duhi-shop.ru/product/kolgotki-gulia-fly-20-15/;; 118
;Колготки Fiore Lalima 20den black 4;http://duhi-shop.ru/product/kolgotki-fiore-lalima-20den-black/;1;
;Детские колготки Intreccio Bambini Viola 40den 104-110, rosa;http://duhi-shop.ru/product/detskie-kolgotki-intreccio-bambini-viola-40den/;888; 131
;Детские колготки Intreccio Bambini Viola 40den 104-110, bianco;http://duhi-shop.ru/product/detskie-kolgotki-intreccio-bambini-viola-40den/;885; 131
;Детские колготки Intreccio Bambini Viola 40den 116-122, rosa;http://duhi-shop.ru/product/detskie-kolgotki-intreccio-bambini-viola-40den/;885; 131
;Детские колготки Intreccio Bambini Viola 40den 116-122, bianco;http://duhi-shop.ru/product/detskie-kolgotki-intreccio-bambini-viola-40den/;886; 131
;Детские колготки Intreccio Bambini Viola 40den 128-134, bianco;http://duhi-shop.ru/product/detskie-kolgotki-intreccio-bambini-viola-40den/;887; 131
;Детские колготки Intreccio Bambini Viola 40den 140-146, rosa;http://duhi-shop.ru/product/detskie-kolgotki-intreccio-bambini-viola-40den/;888; 131
;Детские колготки Intreccio Bambini Campanella 40den 128-134, Blu scuro;http://duhi-shop.ru/product/detskie-kolgotki-intreccio-bambini-campanella-40den/;; 131
;Детские колготки Intreccio Bambini Campanella 40den 140-146, Blu scuro;http://duhi-shop.ru/product/detskie-kolgotki-intreccio-bambini-campanella-40den/;; 131
;Детские колготки Intreccio Bambini Camomilla 40den 104-110, bianco;http://duhi-shop.ru/product/detskie-kolgotki-intreccio-bambini-camomilla-40den/;; 131
;Детские колготки Intreccio Bambini Camomilla 40den 116-122, bianco;http://duhi-shop.ru/product/detskie-kolgotki-intreccio-bambini-camomilla-40den/;; 131
